,token,valid,no_at_fault_collisions,drivable_area_compliance,driving_direction_compliance,traffic_light_compliance,ego_progress,time_to_collision_within_bound,lane_keeping,history_comfort,two_frame_extended_comfort,score
0,6df712116b7353cc,True,1.0,1.0,1.0,1.0,1.0,1.0,1.0,1.0,1.0,1.0
1,1b736bfe747b5987,True,0.0,0.0,1.0,1.0,1.0,0.0,0.0,1.0,,0.0
2,1df1903e5bcd5036,True,0.5,0.0,0.0,1.0,1.0,0.0,1.0,1.0,1.0,0.0
3,076e4afb95d057cf,True,1.0,0.0,1.0,1.0,0.7353502900571731,1.0,0.0,1.0,1.0,0.0
4,7fcd3691c57b5f49,True,1.0,1.0,1.0,1.0,0.9829331847270122,1.0,1.0,0.0,1.0,0.8696666202271913
5,2115792748a75f88,True,0.5,0.0,1.0,1.0,1.0,0.0,1.0,1.0,0.0,0.0
6,8db7275969855f22,True,0.0,1.0,1.0,1.0,1.0,0.0,1.0,1.0,1.0,0.0
7,571bb034360052d9,True,0.0,1.0,1.0,1.0,1.0,0.0,1.0,1.0,1.0,0.0
8,7ffaa3cf8bf45474,True,1.0,1.0,1.0,1.0,0.9191838326234364,1.0,1.0,1.0,1.0,0.9747449476948239
9,58857855de47556e,True,0.0,1.0,1.0,1.0,1.0,0.0,1.0,1.0,1.0,0.0
10,274fc7077c1b55d4,True,1.0,1.0,1.0,1.0,1.0,1.0,1.0,1.0,1.0,1.0
11,6370add5182e51b7,True,0.0,1.0,1.0,1.0,1.0,0.0,1.0,1.0,1.0,0.0
12,6e821a856fe45177,True,1.0,1.0,1.0,1.0,1.0,1.0,1.0,1.0,0.0,0.875
13,4a4ce3ba90ad5614,True,1.0,1.0,1.0,1.0,0.9669609463412906,1.0,1.0,1.0,,0.9882003379790323
14,31cda9ad4b8257b9,True,0.0,1.0,1.0,1.0,1.0,0.0,1.0,1.0,1.0,0.0
15,69610203b8c35c96,True,1.0,1.0,1.0,1.0,1.0,1.0,1.0,1.0,0.0,0.875
16,2928cfbed3d15000,True,0.0,1.0,1.0,0.0,1.0,0.0,1.0,1.0,1.0,0.0
17,fb0297e3fc9b573e,True,1.0,1.0,1.0,1.0,0.8699461854943777,1.0,1.0,1.0,1.0,0.959358182966993
18,198b7ec55c3b5a5c,True,1.0,1.0,1.0,1.0,0.8330582282743147,1.0,0.0,1.0,0.0,0.6978306963357234
19,c86e7d3c0dfb57bd,True,1.0,0.0,1.0,1.0,1.0,1.0,1.0,1.0,1.0,0.0
20,52c1d14554bb51f5,True,0.0,1.0,1.0,1.0,1.0,0.0,1.0,1.0,1.0,0.0
21,456ef599efa85659,True,0.0,1.0,1.0,1.0,1.0,0.0,1.0,1.0,1.0,0.0
22,5876e4def8615813,True,1.0,1.0,1.0,1.0,1.0,1.0,1.0,1.0,1.0,1.0
23,0c77bbb199f3589f,True,1.0,1.0,1.0,1.0,1.0,1.0,1.0,1.0,,1.0
24,c50b9b8950ba5347,True,1.0,1.0,1.0,1.0,1.0,1.0,1.0,1.0,,1.0
25,30f09e001cf55013,True,1.0,0.0,1.0,1.0,0.7441177863790234,1.0,0.0,1.0,1.0,0.0
26,4158d702c66351d4,True,1.0,1.0,1.0,1.0,1.0,1.0,1.0,1.0,1.0,1.0
27,b204289cd95c59b5,True,0.5,0.0,1.0,1.0,1.0,0.0,1.0,1.0,1.0,0.0
28,218adf8c450058eb,True,1.0,1.0,1.0,1.0,1.0,1.0,1.0,1.0,,1.0
29,3bcb5a54eca95746,True,1.0,1.0,1.0,1.0,1.0,1.0,1.0,1.0,1.0,1.0
30,2eb7c4dc6ec65123,True,1.0,1.0,1.0,1.0,1.0,1.0,1.0,1.0,,1.0
31,f02b15cc225b5d9a,True,1.0,1.0,1.0,1.0,1.0,1.0,1.0,1.0,,1.0
32,4543fc207fbb553e,True,0.0,1.0,1.0,1.0,1.0,0.0,1.0,1.0,0.0,0.0
33,fca1702dec8a50c6,True,1.0,0.0,1.0,1.0,1.0,1.0,1.0,1.0,1.0,0.0
34,f10d0ad9103c5495,True,1.0,0.0,1.0,1.0,0.953405757629035,1.0,1.0,1.0,1.0,0.0
35,402c9312982a5488,True,1.0,1.0,1.0,1.0,0.7246943555158195,1.0,1.0,1.0,1.0,0.9139669860986936
36,9a23e7bc52e657c3,True,1.0,0.0,1.0,1.0,1.0,1.0,1.0,1.0,1.0,0.0
37,3968f1bc11085a70,True,0.0,1.0,1.0,1.0,1.0,0.0,1.0,1.0,1.0,0.0
38,0af464147919575d,True,1.0,1.0,1.0,1.0,1.0,1.0,1.0,1.0,1.0,1.0
39,d3badb5f8c125e12,True,1.0,1.0,1.0,1.0,1.0,1.0,1.0,1.0,,1.0
40,054743e97abd5b9c,True,0.0,1.0,1.0,1.0,1.0,0.0,1.0,1.0,0.0,0.0
41,9116e9726a6f59cb,True,1.0,1.0,1.0,1.0,0.9628950304661887,1.0,1.0,1.0,1.0,0.988404697020684
42,4b563d8a22145ed6,True,1.0,0.0,1.0,1.0,1.0,1.0,1.0,1.0,1.0,0.0
43,70d3c6183c525745,True,1.0,1.0,1.0,1.0,1.0,1.0,1.0,1.0,1.0,1.0
44,29efe3c61a4a580f,True,1.0,1.0,1.0,1.0,1.0,1.0,1.0,1.0,1.0,1.0
45,3f664a7d5f5e5bba,True,0.0,1.0,1.0,0.0,1.0,0.0,1.0,1.0,1.0,0.0
46,3a8a3a691f4450b5,True,0.0,1.0,1.0,1.0,1.0,0.0,1.0,1.0,0.0,0.0
47,0ee1f95f55d95f7e,True,1.0,0.0,1.0,1.0,1.0,0.0,1.0,1.0,,0.0
48,1bb7bab27d1552f5,True,1.0,1.0,1.0,1.0,0.8437474572606821,1.0,1.0,1.0,0.0,0.8261710803939631
49,74deabca4e1259f5,True,0.0,1.0,1.0,1.0,1.0,0.0,1.0,1.0,1.0,0.0
50,064018bfafb05f56,True,1.0,0.0,1.0,1.0,0.7197363230981774,1.0,0.0,1.0,1.0,0.0
51,453bdd4f77af5c90,True,0.0,1.0,1.0,1.0,1.0,0.0,1.0,1.0,1.0,0.0
52,0c318d7923d15b78,True,1.0,1.0,1.0,1.0,1.0,1.0,1.0,1.0,,1.0
53,91ae20bf459859fe,True,0.0,1.0,1.0,1.0,1.0,0.0,1.0,1.0,1.0,0.0
54,135ae32b6edc55c5,True,0.0,1.0,1.0,1.0,1.0,0.0,1.0,1.0,1.0,0.0
55,ed02d0df47ca55e7,True,1.0,1.0,1.0,1.0,1.0,1.0,1.0,1.0,1.0,1.0
56,5b21d7acaa545a46,True,1.0,1.0,1.0,1.0,1.0,1.0,1.0,1.0,1.0,1.0
57,d3e99c65bb2a5d79,True,1.0,0.0,0.5,1.0,1.0,1.0,0.0,1.0,1.0,0.0
58,51d961409a285653,True,1.0,1.0,1.0,1.0,1.0,1.0,1.0,1.0,1.0,1.0
59,e08a526c85475c4b,True,1.0,1.0,1.0,1.0,0.8083759589345589,1.0,1.0,1.0,0.0,0.8151174871670497
60,fe71d216396c5ab3,True,0.0,1.0,1.0,1.0,1.0,0.0,1.0,1.0,1.0,0.0
61,c4f21fef5b86535b,True,1.0,1.0,1.0,1.0,1.0,1.0,1.0,1.0,1.0,1.0
62,1eff566e627f56b9,True,1.0,1.0,1.0,1.0,1.0,1.0,1.0,1.0,0.0,0.875
63,0f65bd2bac90534a,True,1.0,1.0,1.0,1.0,1.0,1.0,1.0,1.0,1.0,1.0
64,901722c88ebf50ea,True,1.0,1.0,1.0,1.0,0.9585635869587615,1.0,1.0,1.0,1.0,0.987051120924613
65,a1665c3aeb8f551f,True,1.0,1.0,1.0,1.0,1.0,1.0,1.0,1.0,0.0,0.875
66,cddadd26002959f4,True,0.0,1.0,1.0,1.0,1.0,0.0,1.0,1.0,1.0,0.0
67,a6da1090aa335503,True,0.0,1.0,1.0,1.0,1.0,0.0,1.0,1.0,1.0,0.0
68,85c5f81a8dec5628,True,1.0,0.0,1.0,1.0,0.7437309669706352,1.0,0.0,1.0,1.0,0.0
69,45102df6530d59e8,True,1.0,1.0,1.0,1.0,1.0,1.0,1.0,1.0,1.0,1.0
70,368cb65e8fef57b7,True,1.0,1.0,1.0,1.0,0.995830402631758,1.0,1.0,1.0,,0.9985108580827707
71,616812339ccb533e,True,1.0,1.0,1.0,1.0,1.0,1.0,1.0,1.0,1.0,1.0
72,a371624958cb52ea,True,0.0,1.0,1.0,1.0,1.0,0.0,1.0,1.0,,0.0
73,4907817195ff5d6f,True,1.0,1.0,1.0,1.0,0.7615180612863889,1.0,0.0,1.0,1.0,0.8004743941519965
74,fbc9981c30745684,True,0.5,0.0,1.0,1.0,0.8583171834579465,0.0,0.0,1.0,1.0,0.0
75,d08c7fa247395729,True,1.0,1.0,1.0,1.0,1.0,1.0,1.0,1.0,1.0,1.0
76,435eadb0f1fe5b49,True,0.0,1.0,1.0,1.0,1.0,0.0,1.0,1.0,1.0,0.0
77,a41f538fa8e25be0,True,1.0,1.0,1.0,1.0,0.9400670505767945,1.0,1.0,1.0,,0.978595375205998
78,29d982d97d135311,True,1.0,1.0,1.0,1.0,1.0,1.0,1.0,1.0,1.0,1.0
79,ff1a305b2c1752af,True,1.0,0.0,1.0,1.0,0.8697619172204798,1.0,1.0,1.0,1.0,0.0
80,41d7b533797c5209,True,1.0,1.0,1.0,1.0,1.0,1.0,1.0,1.0,,1.0
81,0b5b1309df2f5627,True,1.0,1.0,1.0,1.0,1.0,1.0,1.0,1.0,1.0,1.0
82,5c2c553d990d5a17,True,1.0,0.0,1.0,1.0,0.801026552036554,1.0,0.0,1.0,1.0,0.0
83,785a51e5263b5bec,True,1.0,1.0,1.0,1.0,0.976108095351912,1.0,1.0,1.0,1.0,0.9925337797974725
84,2d305230053e5e19,True,1.0,1.0,1.0,1.0,0.9294482875367971,1.0,1.0,1.0,1.0,0.977952589855249
85,0f97d412a94255ac,True,0.0,1.0,1.0,1.0,1.0,0.0,1.0,1.0,1.0,0.0
86,644b16fd65f956b8,True,1.0,0.0,1.0,1.0,1.0,1.0,1.0,1.0,,0.0
87,4b594a8e80915943,True,1.0,1.0,1.0,1.0,0.9661008139596156,1.0,1.0,1.0,,0.9878931478427199
88,8d9d0d3caa9b5905,True,0.0,1.0,1.0,1.0,1.0,0.0,1.0,1.0,1.0,0.0
89,3e5bb75bed1d58ad,True,1.0,1.0,1.0,1.0,1.0,1.0,1.0,1.0,1.0,1.0
90,fb643a2514195bfa,True,0.0,1.0,1.0,1.0,1.0,0.0,1.0,1.0,1.0,0.0
91,6fbe0e06902e5304,True,1.0,1.0,1.0,1.0,1.0,1.0,1.0,1.0,,1.0
92,bcd26bf1bf055164,True,0.0,1.0,1.0,0.0,1.0,0.0,1.0,1.0,1.0,0.0
93,dc8fc926ef0451f1,True,1.0,1.0,1.0,1.0,1.0,1.0,1.0,1.0,,1.0
94,d8effdc24c235d3f,True,1.0,1.0,1.0,1.0,1.0,1.0,1.0,1.0,1.0,1.0
95,80ae73dfb4c45e8d,True,1.0,0.0,1.0,1.0,0.9588870929573151,1.0,1.0,1.0,1.0,0.0
96,2649dcc8a1725fb2,True,0.0,0.0,0.5,1.0,1.0,0.0,1.0,1.0,0.0,0.0
97,9933a1df50ff5919,True,0.5,0.0,0.0,1.0,0.9662674063877661,0.0,1.0,1.0,0.0,0.0
98,3a84cbdfcbf554a6,True,0.0,1.0,1.0,1.0,1.0,0.0,1.0,1.0,1.0,0.0
99,45e8b10f95925c47,True,1.0,1.0,1.0,1.0,1.0,1.0,1.0,1.0,1.0,1.0
100,963a72ef9c615033,True,1.0,1.0,1.0,1.0,0.8188546695478832,1.0,1.0,1.0,1.0,0.9433920842337136
101,47bc25abb0705dc9,True,0.0,1.0,1.0,1.0,1.0,0.0,1.0,1.0,0.0,0.0
102,7fb4ab2c7e8c527f,True,1.0,1.0,1.0,1.0,1.0,1.0,1.0,1.0,1.0,1.0
103,48271cdeceb35236,True,0.0,1.0,1.0,1.0,1.0,0.0,1.0,1.0,1.0,0.0
104,82cd122751085a80,True,1.0,0.0,1.0,1.0,1.0,1.0,1.0,1.0,1.0,0.0
105,33b379cc74255b15,True,1.0,1.0,1.0,1.0,1.0,1.0,1.0,1.0,1.0,1.0
106,14d171fcb9295596,True,1.0,1.0,1.0,1.0,1.0,1.0,1.0,1.0,,1.0
107,221199c4bcef5e62,True,1.0,1.0,1.0,1.0,1.0,1.0,1.0,1.0,1.0,1.0
108,aba1622c877f51bb,True,0.0,1.0,1.0,1.0,1.0,0.0,1.0,1.0,1.0,0.0
109,1983aff496265a16,True,0.0,1.0,1.0,1.0,1.0,0.0,1.0,1.0,0.0,0.0
110,2c0e25d51b0b5e31,True,0.0,1.0,1.0,1.0,1.0,0.0,1.0,1.0,0.0,0.0
111,ea90773e4a7c5723,True,0.0,0.0,0.0,1.0,1.0,0.0,1.0,1.0,0.0,0.0
112,08e8092f5e66571f,True,1.0,1.0,1.0,1.0,0.8117941184790002,1.0,1.0,1.0,1.0,0.9411856620246876
113,d929120b36a95db5,True,0.0,1.0,1.0,1.0,1.0,0.0,1.0,1.0,1.0,0.0
114,ab6e020759565f9f,True,0.0,1.0,1.0,1.0,1.0,0.0,1.0,1.0,1.0,0.0
115,f7103dfe59a959be,True,1.0,0.0,1.0,1.0,1.0,1.0,1.0,1.0,1.0,0.0
116,bc42935ebf1854f6,True,0.5,0.0,0.0,1.0,1.0,0.0,1.0,1.0,0.0,0.0
117,e1f6c044f4235462,True,0.0,1.0,1.0,1.0,1.0,0.0,1.0,1.0,1.0,0.0
118,e57f09cee57d5ee1,True,1.0,1.0,1.0,1.0,0.9882992412447522,1.0,1.0,1.0,1.0,0.996343512888985
119,b9c8a72571a85792,True,1.0,0.0,1.0,1.0,0.966380893858932,1.0,1.0,1.0,1.0,0.0
120,e5b0b2c83a395163,True,0.5,1.0,1.0,1.0,1.0,1.0,1.0,1.0,,0.5
121,812464919a4f5362,True,0.0,1.0,1.0,1.0,1.0,0.0,1.0,1.0,1.0,0.0
122,19efcf474dd85579,True,1.0,1.0,1.0,1.0,0.749660163963226,1.0,0.0,1.0,1.0,0.7967688012385081
123,b2c0a19be09f5b76,True,1.0,1.0,1.0,1.0,1.0,1.0,1.0,1.0,1.0,1.0
124,35f226ec4cac52fc,True,0.0,1.0,1.0,1.0,1.0,0.0,1.0,1.0,1.0,0.0
125,f962927ff5dc518c,True,1.0,0.0,1.0,1.0,0.9515318784967208,1.0,1.0,1.0,1.0,0.0
126,8d83f07bed9d5f6a,True,0.0,1.0,1.0,1.0,1.0,0.0,1.0,1.0,1.0,0.0
127,9d87610ffed85509,True,1.0,0.0,1.0,1.0,1.0,1.0,1.0,1.0,1.0,0.0
128,5f3fbfc334c0579c,True,1.0,1.0,1.0,1.0,1.0,1.0,1.0,1.0,0.0,0.875
129,c42677f7e56f5c3f,True,0.0,1.0,1.0,1.0,1.0,0.0,1.0,1.0,0.0,0.0
130,865033089cfd5288,True,0.0,1.0,1.0,0.0,1.0,0.0,1.0,1.0,0.0,0.0
131,552fd48bfce35a20,True,0.0,1.0,1.0,0.0,1.0,0.0,1.0,1.0,0.0,0.0
132,583f7d0d8b27513c,True,1.0,0.0,0.0,1.0,0.937004782635004,1.0,1.0,1.0,0.0,0.0
133,daf715295e7d576b,True,0.0,1.0,1.0,1.0,1.0,0.0,1.0,1.0,1.0,0.0
134,673cfe7af7db5911,True,1.0,1.0,1.0,1.0,1.0,1.0,0.0,1.0,1.0,0.875
135,39e708ddd82155ea,True,0.0,1.0,1.0,0.0,1.0,0.0,1.0,1.0,1.0,0.0
136,5ee6f86b7dec5484,True,0.0,1.0,1.0,1.0,1.0,0.0,1.0,1.0,1.0,0.0
137,359f62a656b9586d,True,1.0,1.0,1.0,1.0,0.9426682592473747,1.0,1.0,1.0,1.0,0.9820838310148046
138,98017c16248a5f54,True,1.0,1.0,1.0,1.0,0.9653702672094167,1.0,1.0,1.0,,0.9876322382890773
139,1893fb783df95146,True,1.0,0.0,1.0,1.0,0.9577027886474969,1.0,1.0,1.0,0.0,0.0
140,e59fd69b1be85258,True,0.0,1.0,1.0,1.0,1.0,0.0,1.0,1.0,1.0,0.0
141,0442b2728b8058fd,True,0.0,1.0,1.0,1.0,1.0,0.0,1.0,1.0,1.0,0.0
142,54e1cb577c0a5f7e,True,1.0,1.0,1.0,1.0,1.0,1.0,1.0,1.0,,1.0
143,0a51eebaccc95c36,True,1.0,0.0,1.0,1.0,0.7719397746639293,1.0,1.0,1.0,1.0,0.0
144,534431abbbd75d4f,True,1.0,1.0,1.0,1.0,1.0,1.0,1.0,1.0,1.0,1.0
145,9c1e8e69c7cd537b,True,1.0,1.0,1.0,1.0,1.0,1.0,1.0,1.0,1.0,1.0
146,eb430bd4f0095c28,True,0.0,1.0,1.0,1.0,1.0,0.0,1.0,1.0,1.0,0.0
147,a25711b4fdcc50df,True,0.0,1.0,1.0,1.0,1.0,0.0,1.0,1.0,1.0,0.0
148,a8a10f07becb5a55,True,0.0,1.0,1.0,1.0,1.0,0.0,1.0,1.0,1.0,0.0
149,868b74972b4c59fd,True,1.0,1.0,1.0,1.0,1.0,1.0,1.0,1.0,1.0,1.0
150,8ee3467219fc5c8a,True,0.0,1.0,1.0,1.0,1.0,0.0,1.0,1.0,1.0,0.0
151,e41f13ed67485c54,True,1.0,1.0,1.0,1.0,1.0,1.0,1.0,1.0,1.0,1.0
152,ac0fb7997f4e5106,True,0.0,1.0,1.0,1.0,1.0,0.0,1.0,1.0,1.0,0.0
153,1c5019f2bc6052d6,True,0.0,1.0,1.0,1.0,1.0,0.0,1.0,1.0,1.0,0.0
154,8b3423345f3657b0,True,1.0,1.0,1.0,1.0,1.0,1.0,1.0,1.0,,1.0
155,661cdcf44ebe5c68,True,1.0,0.0,1.0,1.0,0.9591570664691647,1.0,1.0,1.0,1.0,0.0
156,431ae29947e95c26,True,1.0,1.0,1.0,1.0,0.8656561405290589,1.0,1.0,1.0,,0.9520200501889496
157,e83be8437b0c5862,True,1.0,1.0,1.0,1.0,1.0,1.0,1.0,1.0,,1.0
158,2055bd0e7a885e4a,True,1.0,1.0,1.0,1.0,1.0,1.0,1.0,1.0,0.0,0.875
159,0d5496cc08dc50fe,True,0.0,1.0,1.0,1.0,1.0,0.0,1.0,1.0,1.0,0.0
160,2b5d551f5466530e,True,1.0,1.0,1.0,1.0,1.0,1.0,1.0,1.0,0.0,0.875
161,59e4fc5b37f55556,True,1.0,1.0,1.0,1.0,1.0,1.0,1.0,1.0,1.0,1.0
162,5d3e45ad38ef5b9c,True,1.0,0.0,1.0,1.0,0.9656275114822616,1.0,1.0,1.0,,0.0
163,e96f254899095cf1,True,0.0,1.0,1.0,1.0,1.0,0.0,1.0,1.0,1.0,0.0
164,85b1968fa2fd5552,True,1.0,1.0,1.0,1.0,1.0,1.0,1.0,1.0,,1.0
165,10ffaee1fe81544d,True,0.0,1.0,1.0,1.0,1.0,0.0,1.0,1.0,1.0,0.0
166,24d02c4c2a325f01,True,1.0,1.0,1.0,1.0,0.971035769104159,1.0,1.0,1.0,1.0,0.9909486778450497
167,cf3b00d5d2b953d3,True,1.0,1.0,1.0,1.0,1.0,1.0,1.0,1.0,0.0,0.875
168,81d893bd99de519b,True,1.0,0.0,1.0,1.0,1.0,1.0,1.0,1.0,1.0,0.0
169,7e5bb23808a850ca,True,1.0,0.0,1.0,1.0,1.0,1.0,1.0,1.0,1.0,0.0
170,75f9d978b4d757a2,True,0.0,1.0,1.0,1.0,1.0,0.0,1.0,1.0,1.0,0.0
171,449f88cb93fe53d8,True,1.0,1.0,1.0,1.0,0.890347955998777,1.0,1.0,1.0,0.0,0.8407337362496179
172,e917a198bd9757a4,True,0.0,1.0,1.0,1.0,1.0,0.0,1.0,1.0,1.0,0.0
173,55a584a116ec5e6d,True,1.0,1.0,1.0,1.0,1.0,1.0,1.0,1.0,1.0,1.0
174,cdf51b82bae55641,True,0.0,1.0,1.0,0.0,1.0,0.0,1.0,1.0,1.0,0.0
175,1d7fd5ffc1e3571c,True,1.0,1.0,1.0,1.0,1.0,1.0,1.0,1.0,1.0,1.0
176,014369205e025f0c,True,1.0,1.0,1.0,1.0,0.7800183940204316,1.0,1.0,1.0,1.0,0.9312557481313849
177,c81b474102d75351,True,0.0,1.0,1.0,1.0,1.0,0.0,1.0,1.0,1.0,0.0
178,2c67391395c65d6a,True,0.0,1.0,1.0,1.0,1.0,0.0,1.0,1.0,1.0,0.0
179,bff29edb43425586,True,0.0,1.0,1.0,1.0,1.0,0.0,1.0,1.0,1.0,0.0
180,34f30283d3bd53ec,True,1.0,1.0,1.0,1.0,1.0,1.0,1.0,1.0,,1.0
181,562f38636f975be4,True,1.0,1.0,1.0,1.0,0.85562360075089,1.0,1.0,1.0,0.0,0.8298823752346531
182,12af1e0adcb65df9,True,0.0,1.0,1.0,0.0,1.0,0.0,1.0,1.0,1.0,0.0
183,dc2d59ce7b1258cf,True,1.0,1.0,1.0,1.0,1.0,1.0,1.0,1.0,,1.0
184,74df9f9decc45b84,True,1.0,1.0,1.0,1.0,1.0,1.0,1.0,1.0,1.0,1.0
185,d45773d48e4f5fb7,True,1.0,0.0,1.0,1.0,1.0,1.0,1.0,1.0,1.0,0.0
186,83fd1c194c0c5441,True,1.0,1.0,1.0,1.0,0.861435759615846,1.0,1.0,1.0,,0.9505127712913736
187,c8df3a922f9d5550,True,0.0,1.0,1.0,0.0,1.0,0.0,1.0,1.0,1.0,0.0
188,77f0818999145e8f,True,0.5,0.0,1.0,1.0,1.0,0.0,0.0,1.0,1.0,0.0
189,b23f49937a48507e,True,1.0,1.0,1.0,1.0,1.0,1.0,1.0,1.0,0.0,0.875
190,52de85cf514f5afd,True,1.0,0.0,1.0,1.0,0.9943104725633612,1.0,1.0,1.0,1.0,0.0
191,ab2b84d310be5bed,True,1.0,1.0,1.0,1.0,1.0,1.0,1.0,1.0,1.0,1.0
192,c9b12b21fa7c57fd,True,1.0,1.0,1.0,1.0,1.0,1.0,1.0,1.0,,1.0
193,c4b1d4fabd315035,True,0.0,1.0,1.0,1.0,1.0,0.0,1.0,1.0,1.0,0.0
194,ed98a4566ea95092,True,0.0,1.0,1.0,1.0,1.0,0.0,1.0,1.0,1.0,0.0
195,a59aff81f75759ff,True,0.0,1.0,1.0,0.0,1.0,0.0,1.0,1.0,1.0,0.0
196,e9a26f1753a85a88,True,1.0,1.0,1.0,1.0,1.0,1.0,1.0,1.0,1.0,1.0
197,d715fbc6ea0551f8,True,1.0,1.0,1.0,1.0,1.0,1.0,1.0,1.0,1.0,1.0
198,808e5edcddce51c3,True,0.0,1.0,1.0,1.0,1.0,0.0,1.0,1.0,1.0,0.0
199,e7d1f889fc4d5309,True,1.0,1.0,1.0,1.0,1.0,1.0,1.0,0.0,1.0,0.875
200,8560e670c7865e3f,True,0.0,1.0,1.0,1.0,1.0,0.0,1.0,1.0,1.0,0.0
201,91defa409f0254d5,True,0.0,1.0,1.0,1.0,1.0,0.0,1.0,1.0,1.0,0.0
202,6884907db45c5cad,True,1.0,0.0,1.0,1.0,0.998908552763182,1.0,1.0,1.0,1.0,0.0
203,c4d424c8f74e5b70,True,0.0,1.0,1.0,1.0,1.0,0.0,1.0,1.0,1.0,0.0
204,08b29b05bc4650f8,True,0.0,1.0,1.0,1.0,1.0,0.0,1.0,1.0,1.0,0.0
205,fbe55fdc31135ad5,True,1.0,1.0,1.0,1.0,0.8881423825637592,0.0,1.0,0.0,0.0,0.40254449455117475
206,892904870078578a,True,0.0,1.0,1.0,1.0,1.0,0.0,1.0,1.0,0.0,0.0
207,cc6022c226c15d80,True,1.0,0.0,1.0,1.0,1.0,1.0,1.0,1.0,1.0,0.0
208,143420292ce554f6,True,1.0,0.0,0.0,1.0,1.0,1.0,1.0,1.0,0.0,0.0
209,5dae1d43c2e55113,True,0.5,0.0,0.5,1.0,0.8622517577104086,0.0,0.0,1.0,1.0,0.0
210,2dbaea2c3ad8531f,True,1.0,0.0,1.0,1.0,0.7079868060104385,1.0,0.0,1.0,1.0,0.0
211,5a4709a2348f58a7,True,0.0,1.0,1.0,1.0,1.0,0.0,1.0,1.0,1.0,0.0
212,6894aab92b0058dd,True,0.0,1.0,1.0,1.0,1.0,0.0,1.0,1.0,1.0,0.0
213,4a71a24c376f5388,True,0.0,1.0,1.0,1.0,1.0,0.0,1.0,1.0,1.0,0.0
214,fae990c38c515aa9,True,0.5,0.0,1.0,1.0,1.0,0.0,1.0,1.0,0.0,0.0
215,1d3700dc6c9950e0,True,1.0,0.0,1.0,1.0,1.0,1.0,1.0,1.0,1.0,0.0
216,e0c6e5c235ed5b7b,True,1.0,1.0,1.0,1.0,0.9172617150893851,1.0,1.0,1.0,0.0,0.8491442859654328
217,ad702ac65d8754bb,True,1.0,1.0,1.0,1.0,1.0,1.0,1.0,1.0,1.0,1.0
218,db180d0c665454aa,True,0.0,1.0,1.0,1.0,1.0,0.0,1.0,1.0,1.0,0.0
219,23d70775af9754e8,True,0.0,1.0,1.0,1.0,1.0,0.0,1.0,1.0,1.0,0.0
220,067d731005885300,True,1.0,1.0,1.0,1.0,1.0,1.0,1.0,1.0,,1.0
221,3d17efc5625f5c4f,True,0.0,1.0,1.0,1.0,1.0,0.0,1.0,1.0,1.0,0.0
222,cdec001a2536542c,True,0.0,1.0,1.0,1.0,1.0,0.0,1.0,1.0,1.0,0.0
223,dc95b5731cc359f3,True,1.0,0.0,1.0,1.0,0.8514410782753208,1.0,0.0,1.0,1.0,0.0
224,025b657634505df3,True,1.0,1.0,1.0,1.0,0.9763005098997803,1.0,1.0,1.0,0.0,0.8675939093436813
225,cd8518ca186155f9,True,1.0,0.0,1.0,1.0,0.7115790373609825,1.0,0.0,1.0,1.0,0.0
226,4ccc9e33aa795ef1,True,1.0,1.0,1.0,1.0,0.9503299678541351,1.0,1.0,1.0,,0.9822607028050483
227,088b38f5e629514b,True,1.0,1.0,1.0,1.0,0.8763346119088559,1.0,1.0,1.0,1.0,0.9613545662215175
228,2025f4a272e15733,True,0.0,1.0,1.0,1.0,1.0,0.0,1.0,1.0,1.0,0.0
229,e16ed6e841ee58cd,True,1.0,1.0,1.0,1.0,1.0,1.0,1.0,1.0,,1.0
230,454e63f98e365a3a,True,1.0,1.0,1.0,1.0,1.0,1.0,1.0,1.0,1.0,1.0
231,7c75567759e15900,True,0.0,1.0,1.0,1.0,1.0,0.0,1.0,1.0,1.0,0.0
232,3debd3d86b5850dd,True,1.0,1.0,1.0,1.0,1.0,1.0,1.0,1.0,1.0,1.0
233,76ec850d346b5ca7,True,0.0,1.0,1.0,1.0,1.0,0.0,1.0,1.0,1.0,0.0
234,e18ca78f3c5f5a04,True,1.0,1.0,1.0,1.0,1.0,1.0,1.0,1.0,1.0,1.0
235,e8f5c2714bfe5213,True,1.0,0.0,1.0,1.0,1.0,1.0,1.0,1.0,1.0,0.0
236,e0388cc13b635cd7,True,1.0,1.0,1.0,1.0,0.9991515878445782,1.0,1.0,1.0,1.0,0.9997348712014307
237,e805310ff3055efa,True,0.0,1.0,1.0,1.0,1.0,0.0,1.0,1.0,1.0,0.0
238,b6968f154bfb5a5d,True,1.0,1.0,1.0,1.0,0.9422144668621724,1.0,1.0,1.0,,0.9793623095936329
239,e9c2ed7aa8275015,True,1.0,1.0,1.0,1.0,0.957004239113995,1.0,1.0,1.0,1.0,0.9865638247231234
240,ea8b66a838c75042,True,1.0,1.0,1.0,1.0,0.7994296008418504,1.0,1.0,1.0,0.0,0.8123217502630783
241,ebfb953d479d5982,True,1.0,1.0,1.0,1.0,1.0,1.0,1.0,1.0,,1.0
242,2087ff145dae502d,True,0.0,1.0,1.0,1.0,1.0,0.0,1.0,1.0,1.0,0.0
243,3a36b098acee53b9,True,0.0,1.0,1.0,1.0,1.0,0.0,1.0,1.0,1.0,0.0
244,ae07b0ef14e25e47,True,1.0,1.0,1.0,1.0,0.8307737612126485,1.0,1.0,1.0,1.0,0.9471168003789526
245,0b57b00279885fd4,True,1.0,1.0,1.0,1.0,1.0,1.0,1.0,1.0,,1.0
246,8e0ecc2622425ef0,True,1.0,1.0,1.0,1.0,1.0,1.0,1.0,1.0,,1.0
247,490475b585895e0e,True,0.0,1.0,1.0,1.0,1.0,0.0,1.0,1.0,0.0,0.0
248,05929f9dc5d152a7,True,1.0,1.0,1.0,1.0,1.0,1.0,1.0,1.0,0.0,0.875
249,d9fdaff6c17659bc,True,1.0,1.0,1.0,1.0,0.8073114218160681,1.0,1.0,1.0,1.0,0.9397848193175213
250,4020785f2bf55d0b,True,1.0,1.0,1.0,1.0,0.848401748144081,1.0,1.0,1.0,1.0,0.9526255462950253
251,008d66a74c275479,True,0.0,1.0,1.0,1.0,1.0,0.0,1.0,1.0,1.0,0.0
252,f587b097f5f65db6,True,1.0,1.0,1.0,1.0,1.0,1.0,1.0,1.0,1.0,1.0
253,4b5fd21bc8bd5a8b,True,1.0,1.0,1.0,1.0,1.0,1.0,1.0,1.0,0.0,0.875
254,8aaf40c869ca574f,True,1.0,1.0,1.0,1.0,0.9747994259694106,1.0,1.0,1.0,1.0,0.9921248206154408
255,a76311c957b05f8c,True,0.5,0.0,0.0,1.0,1.0,0.0,1.0,1.0,0.0,0.0
256,78b4153a6d3e5b33,True,1.0,1.0,1.0,1.0,0.6489792358443008,1.0,1.0,1.0,,0.8746354413729646
257,f6195258cc20552f,True,0.0,1.0,1.0,1.0,1.0,0.0,1.0,1.0,1.0,0.0
258,feff00cef4985d6b,True,1.0,1.0,1.0,1.0,0.9221310417563832,1.0,1.0,1.0,1.0,0.9756659505488697
259,dd9b1479609c5c59,True,1.0,0.0,1.0,1.0,1.0,0.0,1.0,1.0,,0.0
260,469dfe790903577a,True,1.0,0.0,1.0,1.0,0.8197871164317289,1.0,1.0,1.0,1.0,0.0
261,ff5e13b14d735e52,True,0.0,1.0,1.0,1.0,1.0,0.0,1.0,1.0,1.0,0.0
262,61232ab3e2085282,True,1.0,1.0,1.0,1.0,1.0,1.0,1.0,1.0,1.0,1.0
263,44062179c5b350bc,True,0.0,0.0,0.5,1.0,1.0,0.0,1.0,1.0,0.0,0.0
264,e5caf6d750415ee7,True,0.0,1.0,1.0,0.0,1.0,0.0,1.0,1.0,1.0,0.0
265,455fdf27af915de2,True,0.0,0.0,1.0,1.0,1.0,0.0,1.0,1.0,0.0,0.0
266,87751a071a7e50a4,True,1.0,1.0,1.0,1.0,0.9660280582974798,1.0,1.0,1.0,0.0,0.8643837682179625
267,463c7c8c669d57cf,True,1.0,1.0,1.0,1.0,1.0,1.0,1.0,1.0,0.0,0.875
268,2313aa310e16503d,True,0.5,0.0,0.0,1.0,0.9682964493193426,0.0,1.0,1.0,,0.0
269,5ae3a0ab54a950d7,True,1.0,1.0,1.0,1.0,1.0,1.0,1.0,1.0,1.0,1.0
270,f2280f25f98852c0,True,0.0,1.0,1.0,1.0,1.0,0.0,1.0,1.0,1.0,0.0
271,33c925ac7b905e8f,True,0.5,0.0,1.0,1.0,1.0,0.0,1.0,1.0,1.0,0.0
272,9e10e31698a650a1,True,1.0,0.0,1.0,1.0,0.9177920655529799,1.0,0.0,1.0,1.0,0.0
273,3e8b81f8eb205311,True,1.0,1.0,1.0,1.0,1.0,1.0,1.0,1.0,1.0,1.0
274,026e7b1e0e335625,True,0.5,0.0,0.5,1.0,1.0,0.0,1.0,1.0,1.0,0.0
275,412e722526585e4a,True,0.0,1.0,1.0,1.0,1.0,0.0,1.0,1.0,1.0,0.0
276,5066b57b01cb56ec,True,1.0,1.0,1.0,1.0,1.0,1.0,1.0,1.0,1.0,1.0
277,88642e4f16be55bd,True,1.0,1.0,1.0,1.0,0.7996993884954152,1.0,1.0,0.0,0.0,0.6874060589048172
278,6b8554204c935ab0,True,1.0,0.0,0.0,1.0,1.0,1.0,1.0,1.0,0.0,0.0
279,2aa9dce62cd75fce,True,1.0,0.0,1.0,1.0,1.0,0.0,1.0,1.0,1.0,0.0
280,974a70027f8f593c,True,0.0,1.0,1.0,1.0,1.0,0.0,1.0,1.0,1.0,0.0
281,642ba15d21c05f4e,True,1.0,1.0,1.0,1.0,1.0,1.0,1.0,1.0,1.0,1.0
282,a0e9cbedca0a56b7,True,1.0,1.0,1.0,1.0,1.0,1.0,1.0,1.0,,1.0
283,2cd1545c4c835ead,True,1.0,1.0,1.0,1.0,1.0,1.0,1.0,1.0,,1.0
284,090af86f693c507b,True,1.0,1.0,1.0,1.0,0.4662235414165477,1.0,1.0,1.0,,0.8093655505059099
285,1e241714a35658ff,True,1.0,1.0,1.0,1.0,1.0,1.0,1.0,1.0,1.0,1.0
286,197f2dea642850e7,True,0.0,1.0,1.0,1.0,1.0,0.0,1.0,1.0,1.0,0.0
287,19488eb3301f5d26,True,0.0,0.0,1.0,0.0,0.5897475002589784,0.0,1.0,1.0,,0.0
288,b191eb9b8de25005,True,0.0,1.0,1.0,1.0,1.0,0.0,1.0,1.0,1.0,0.0
289,dcb8fbfc6c1d5fd6,True,1.0,0.0,1.0,1.0,1.0,1.0,1.0,1.0,,0.0
290,4606b66d9fe75354,True,1.0,1.0,1.0,1.0,0.7410572161591249,1.0,1.0,1.0,1.0,0.9190803800497265
291,c48cfa7c240d5808,True,0.0,1.0,1.0,1.0,1.0,0.0,1.0,1.0,1.0,0.0
292,f1dabe118a6955d6,True,0.0,1.0,1.0,0.0,1.0,0.0,1.0,1.0,1.0,0.0
293,4a919f7ea2f65200,True,1.0,1.0,1.0,1.0,1.0,1.0,1.0,1.0,1.0,1.0
294,899ed9ca42d750c6,True,1.0,1.0,1.0,1.0,0.920864248915365,1.0,1.0,1.0,1.0,0.9752700777860516
295,a3a47ea11a5e5939,True,1.0,1.0,1.0,1.0,1.0,1.0,1.0,1.0,,1.0
296,c96b4de8d3d55287,True,0.0,1.0,1.0,1.0,1.0,0.0,1.0,1.0,0.0,0.0
297,5368a45f74ed5f66,True,1.0,1.0,1.0,1.0,1.0,1.0,1.0,1.0,1.0,1.0
298,2a8b9c88615450a8,True,0.0,1.0,1.0,1.0,1.0,0.0,1.0,1.0,1.0,0.0
299,de31419c6502517b,True,0.0,1.0,1.0,0.0,1.0,0.0,1.0,1.0,1.0,0.0
300,c5dfe79ae983556a,True,0.0,1.0,1.0,0.0,1.0,0.0,1.0,1.0,1.0,0.0
301,21146ac996365854,True,0.0,1.0,1.0,1.0,1.0,0.0,1.0,1.0,1.0,0.0
302,6280a12d79b4518a,True,1.0,0.0,1.0,1.0,1.0,1.0,1.0,1.0,1.0,0.0
303,fe703fbf263151f2,True,1.0,1.0,1.0,1.0,1.0,1.0,1.0,1.0,1.0,1.0
304,5f2c3f928abe5f5b,True,1.0,1.0,1.0,1.0,0.7911528266994919,1.0,1.0,1.0,1.0,0.9347352583435913
305,b354451e4f8859f9,True,0.0,1.0,1.0,0.0,1.0,0.0,1.0,1.0,1.0,0.0
306,8c1e2438ad5f514a,True,1.0,0.0,1.0,1.0,0.9496422621840511,1.0,1.0,1.0,,0.0
307,5975a1af11e25fe4,True,1.0,1.0,1.0,1.0,1.0,1.0,1.0,1.0,1.0,1.0
308,14d112b14e9a5d5c,True,1.0,1.0,1.0,1.0,1.0,1.0,1.0,1.0,0.0,0.875
309,93c36f72811852d3,True,1.0,1.0,1.0,1.0,0.9608827315590577,1.0,1.0,1.0,1.0,0.9877758536122055
310,5997813b7cc55036,True,1.0,1.0,1.0,1.0,0.9227393179676106,1.0,1.0,1.0,0.0,0.8508560368648783
311,9f97b9c20ffc50b5,True,0.0,1.0,1.0,1.0,1.0,0.0,1.0,1.0,0.0,0.0
312,43ebecce459052f2,True,1.0,0.0,0.5,1.0,1.0,1.0,1.0,1.0,0.0,0.0
313,bb9c441a4c2b5791,True,0.5,0.0,0.5,1.0,0.8495042989619312,0.0,0.0,1.0,1.0,0.0
314,26cc0e92707756f2,True,1.0,1.0,1.0,1.0,1.0,1.0,1.0,1.0,1.0,1.0
315,96bf2644106456f6,True,0.0,1.0,1.0,0.0,1.0,0.0,1.0,1.0,1.0,0.0
316,45878940b52550ea,True,1.0,1.0,1.0,1.0,0.7114828225194474,1.0,1.0,1.0,0.0,0.7848383820373273
317,97fcdcd35af7563b,True,1.0,1.0,1.0,1.0,1.0,1.0,1.0,1.0,1.0,1.0
318,4655358777d95867,True,1.0,0.0,1.0,1.0,1.0,1.0,0.0,1.0,1.0,0.0
319,74a8e53c9a6f50a3,True,0.0,0.0,0.0,1.0,1.0,0.0,1.0,1.0,0.0,0.0
320,77868241ec115a11,True,1.0,1.0,1.0,1.0,0.9934667893612329,1.0,1.0,1.0,1.0,0.9979583716753853
321,5c9c6666d0725c64,True,0.5,0.0,0.0,1.0,0.8954829435061966,0.0,1.0,1.0,0.0,0.0
322,e10a3a8d627e5700,True,1.0,1.0,1.0,1.0,1.0,1.0,1.0,1.0,0.0,0.875
323,3e1dd9067b365a42,True,1.0,1.0,1.0,1.0,1.0,1.0,1.0,1.0,1.0,1.0
324,59a1d448fbdf53f6,True,1.0,0.0,1.0,1.0,1.0,1.0,1.0,1.0,1.0,0.0
325,33b5a72931215b30,True,0.0,0.0,1.0,1.0,1.0,0.0,1.0,1.0,1.0,0.0
326,135b319cf4b1584c,True,1.0,1.0,1.0,1.0,0.922825901248621,1.0,1.0,1.0,1.0,0.975883094140194
327,71ed3e4fcadc5322,True,0.0,1.0,1.0,1.0,1.0,0.0,1.0,1.0,1.0,0.0
328,153af25086535f35,True,1.0,0.0,1.0,1.0,1.0,1.0,1.0,1.0,1.0,0.0
329,2b5dabfa534156c0,True,0.0,1.0,1.0,0.0,1.0,0.0,1.0,1.0,1.0,0.0
330,fda9b858e7e4588f,True,1.0,1.0,1.0,1.0,1.0,1.0,1.0,1.0,1.0,1.0
331,2d4d48a048615f9a,True,0.0,1.0,1.0,1.0,1.0,0.0,1.0,1.0,1.0,0.0
332,4c775cb227b0519d,True,1.0,1.0,1.0,1.0,1.0,1.0,1.0,1.0,,1.0
333,1b9e4e6c5e91568d,True,0.0,1.0,1.0,1.0,1.0,0.0,0.0,1.0,1.0,0.0
334,de28290571ec523a,True,0.0,0.0,1.0,1.0,1.0,0.0,1.0,1.0,1.0,0.0
335,ac45c0d29f1e5d76,True,1.0,1.0,1.0,1.0,1.0,1.0,1.0,1.0,1.0,1.0
336,6fed9368351f54d5,True,0.5,0.0,0.5,1.0,1.0,0.0,1.0,1.0,1.0,0.0
337,ef7822ee7fa35042,True,1.0,1.0,1.0,1.0,1.0,1.0,1.0,1.0,0.0,0.875
338,24567f5ad57455c4,True,1.0,1.0,1.0,1.0,1.0,1.0,1.0,1.0,,1.0
339,c79b2a28285f5e11,True,1.0,1.0,1.0,1.0,0.7607904203984353,1.0,1.0,1.0,,0.9145680072851555
340,a6fd750fe57d5bb9,True,0.5,0.0,0.5,1.0,0.8752585068808733,0.0,0.0,1.0,1.0,0.0
341,73e0459194ce577f,True,1.0,1.0,1.0,1.0,1.0,1.0,1.0,1.0,1.0,1.0
342,fe800ded24045b44,True,1.0,1.0,1.0,1.0,1.0,1.0,1.0,1.0,,1.0
343,71217bf1294b5c4b,True,0.0,1.0,1.0,1.0,1.0,0.0,1.0,1.0,1.0,0.0
344,98527843384f5f43,True,1.0,0.0,1.0,1.0,0.8962977570065501,0.0,1.0,1.0,,0.0
345,d5407856a57357ce,True,0.0,1.0,1.0,1.0,1.0,0.0,1.0,1.0,1.0,0.0
346,473a047c10f45ef3,True,1.0,1.0,1.0,1.0,1.0,1.0,1.0,1.0,1.0,1.0
347,aa4430320c3151e3,True,0.0,1.0,1.0,1.0,1.0,0.0,1.0,1.0,1.0,0.0
348,210e056a17d1522d,True,1.0,1.0,1.0,1.0,0.9855745607286139,1.0,1.0,1.0,1.0,0.9954920502276918
349,260c9a75f6e05785,True,0.0,1.0,1.0,1.0,1.0,0.0,1.0,1.0,1.0,0.0
350,c236972435215288,True,1.0,1.0,1.0,1.0,1.0,1.0,1.0,1.0,,1.0
351,1b35b775c4a95647,True,1.0,0.0,1.0,1.0,1.0,0.0,1.0,1.0,0.0,0.0
352,9215555823945665,True,0.0,1.0,1.0,0.0,1.0,0.0,1.0,1.0,1.0,0.0
353,1f0f883695f05e6c,True,1.0,1.0,1.0,1.0,0.7611040253259271,1.0,1.0,1.0,1.0,0.9253450079143523
354,0456452c8a13546c,True,1.0,0.0,1.0,1.0,0.7568164857555462,1.0,0.0,1.0,1.0,0.0
355,2b4e72f733d35e89,True,0.0,1.0,1.0,1.0,1.0,0.0,1.0,1.0,1.0,0.0
356,73b4c0560bd85b5e,True,1.0,0.0,0.5,1.0,0.9291148946473938,1.0,1.0,1.0,0.0,0.0
357,61e0ce212ed75a50,True,0.0,0.0,0.0,1.0,0.9331388992843075,0.0,1.0,1.0,0.0,0.0
358,242d17bd2af15992,True,0.0,1.0,1.0,1.0,1.0,0.0,1.0,1.0,0.0,0.0
359,1ceec301ab6552b1,True,1.0,1.0,1.0,1.0,0.8384887908605466,1.0,1.0,1.0,0.0,0.8245277471439207
360,11094634534c53fd,True,0.0,1.0,1.0,1.0,1.0,0.0,1.0,1.0,1.0,0.0
361,2e21fba9a22851ae,True,1.0,1.0,1.0,1.0,1.0,1.0,1.0,1.0,1.0,1.0
362,f0455664b24358a7,True,1.0,1.0,1.0,1.0,1.0,1.0,1.0,1.0,1.0,1.0
363,d77a9c90baf35d87,True,1.0,1.0,1.0,1.0,1.0,1.0,1.0,1.0,1.0,1.0
364,08b6a130aaa35629,True,1.0,1.0,1.0,1.0,1.0,1.0,1.0,1.0,,1.0
365,d6641a8596f25d47,True,0.0,0.0,0.5,1.0,1.0,0.0,1.0,1.0,0.0,0.0
366,d6fc32608ecc581c,True,1.0,1.0,1.0,1.0,0.826604733780146,1.0,1.0,1.0,1.0,0.9458139793062956
367,d44e6abed19b5ba5,True,1.0,1.0,1.0,1.0,1.0,1.0,1.0,1.0,1.0,1.0
368,20f825e0d33a5160,True,1.0,1.0,1.0,1.0,1.0,1.0,1.0,1.0,1.0,1.0
369,2eb2bc9d3b35584f,True,0.0,1.0,1.0,1.0,1.0,0.0,1.0,1.0,1.0,0.0
370,741ee8b9ea3059a5,True,1.0,1.0,1.0,1.0,1.0,1.0,1.0,1.0,,1.0
371,e7cfffa4e8dd53a8,True,0.5,0.0,0.0,1.0,0.8529689631006019,0.0,0.0,1.0,0.0,0.0
372,80a4b14aef3f5a52,True,1.0,1.0,1.0,1.0,1.0,1.0,1.0,1.0,,1.0
373,3af1019a97d959fa,True,1.0,1.0,1.0,1.0,0.8830524110418035,1.0,1.0,1.0,,0.9582330039435013
374,6f11adda2af357ff,True,1.0,0.0,1.0,1.0,0.8541356124264291,1.0,1.0,1.0,,0.0
375,8a5809217c605979,True,0.0,1.0,1.0,0.0,1.0,0.0,1.0,1.0,1.0,0.0
376,2d060a1354d4545e,True,1.0,1.0,1.0,1.0,1.0,1.0,1.0,1.0,0.0,0.875
377,765dacfed4925185,True,0.0,1.0,1.0,1.0,1.0,0.0,1.0,1.0,1.0,0.0
378,f7b170baa6bd5b95,True,0.0,1.0,1.0,1.0,1.0,0.0,1.0,1.0,1.0,0.0
379,dbfc9f81daf956a9,True,1.0,1.0,1.0,1.0,1.0,1.0,1.0,1.0,1.0,1.0
380,8b10128072e6539f,True,1.0,1.0,1.0,1.0,1.0,1.0,1.0,1.0,1.0,1.0
381,6507522e38405857,True,0.5,0.0,0.5,1.0,1.0,0.0,1.0,1.0,0.0,0.0
382,b5cc4dfa26465b62,True,1.0,1.0,1.0,1.0,1.0,1.0,1.0,1.0,1.0,1.0
383,8b279a20979950d6,True,0.0,1.0,1.0,1.0,1.0,0.0,1.0,1.0,1.0,0.0
384,f24ade1ee3ac51ce,True,1.0,1.0,1.0,1.0,1.0,1.0,1.0,1.0,0.0,0.875
385,c5408aef4f3a538b,True,1.0,1.0,1.0,1.0,1.0,1.0,1.0,1.0,1.0,1.0
386,e76485315c2c5028,True,1.0,1.0,1.0,1.0,1.0,1.0,1.0,1.0,,1.0
387,ef0b98c7837e5e4a,True,1.0,1.0,1.0,1.0,0.9342326522842781,1.0,1.0,1.0,0.0,0.854447703838837
388,2a4db0773ca95ce5,True,1.0,1.0,1.0,1.0,0.9363458148266167,1.0,1.0,1.0,0.0,0.8551080671333178
389,08ebfd6fbc145517,True,1.0,0.0,0.0,1.0,1.0,1.0,0.0,0.0,1.0,0.0
390,8e8b2b62eff65719,True,1.0,1.0,1.0,1.0,1.0,1.0,1.0,1.0,1.0,1.0
391,6a3518e83ad751f6,True,0.0,1.0,1.0,1.0,1.0,0.0,1.0,1.0,1.0,0.0
392,29b49b3e2c0f5ec2,True,0.0,1.0,1.0,0.0,1.0,0.0,1.0,1.0,1.0,0.0
393,a8c150e293ac5bd3,True,0.0,1.0,1.0,1.0,1.0,0.0,1.0,1.0,1.0,0.0
394,b9e5b11ac3745f8c,True,0.0,1.0,1.0,1.0,1.0,0.0,1.0,1.0,1.0,0.0
395,291e2af79c2258d5,True,0.0,1.0,1.0,0.0,1.0,0.0,1.0,1.0,0.0,0.0
396,43162b00fe4550b8,True,0.5,0.0,0.0,1.0,0.9277362469217628,0.0,1.0,1.0,0.0,0.0
397,8396adcdedb55337,True,0.0,1.0,1.0,1.0,1.0,0.0,1.0,1.0,1.0,0.0
398,1cffb22700735548,True,0.0,1.0,1.0,1.0,1.0,0.0,1.0,1.0,1.0,0.0
399,31134bc6685c57ae,True,0.0,1.0,1.0,1.0,1.0,0.0,1.0,1.0,1.0,0.0
400,d90cd23a434f5c55,True,1.0,1.0,1.0,1.0,1.0,1.0,1.0,1.0,,1.0
401,1c8804a52fc0553c,True,1.0,1.0,1.0,1.0,1.0,1.0,1.0,1.0,,1.0
402,4ba0a7c883e85b4f,True,0.0,1.0,1.0,1.0,1.0,0.0,1.0,1.0,1.0,0.0
403,326a8c0625d856cc,True,0.0,1.0,1.0,1.0,1.0,0.0,1.0,1.0,1.0,0.0
404,2d357ffc1fdd5c89,True,1.0,1.0,1.0,1.0,0.43125973888865143,1.0,1.0,1.0,1.0,0.8222686684027036
405,7f92403d0c6e5b5d,True,1.0,0.0,1.0,1.0,0.9378740572573613,1.0,1.0,0.0,0.0,0.0
406,84aa4100e3cc59c4,True,0.0,1.0,1.0,1.0,1.0,0.0,1.0,1.0,1.0,0.0
407,b4c9294d8e3952b8,True,1.0,1.0,1.0,1.0,1.0,1.0,1.0,1.0,,1.0
408,27d74807a89a5268,True,1.0,1.0,1.0,1.0,1.0,1.0,1.0,1.0,,1.0
409,108fd8b55b1952af,True,0.0,1.0,1.0,1.0,1.0,0.0,1.0,1.0,1.0,0.0
410,b667e90bf3055cea,True,1.0,1.0,1.0,1.0,1.0,1.0,1.0,1.0,1.0,1.0
411,54c208abe15c56e5,True,1.0,1.0,1.0,1.0,0.9754697719951413,1.0,1.0,1.0,,0.991239204283979
412,16a40c5db95c5467,True,1.0,1.0,1.0,1.0,0.9672158589363804,1.0,1.0,1.0,,0.9882913781915644
413,39640455f50c544c,True,0.0,1.0,1.0,1.0,1.0,0.0,1.0,1.0,,0.0
414,3c58a86242fe5671,True,1.0,1.0,1.0,1.0,1.0,1.0,1.0,1.0,1.0,1.0
415,6f7a20c618a9573e,True,0.0,1.0,1.0,0.0,1.0,0.0,1.0,1.0,1.0,0.0
416,be9423a8f0e75d33,True,0.5,0.0,0.0,1.0,0.8250443002037834,0.0,1.0,1.0,0.0,0.0
417,1bd8492a6487562f,True,0.0,1.0,1.0,0.0,1.0,0.0,1.0,1.0,1.0,0.0
418,88ac42d0eaca5c57,True,1.0,1.0,1.0,1.0,1.0,1.0,1.0,1.0,,1.0
419,02328c7410405c5a,True,0.0,1.0,1.0,1.0,1.0,0.0,1.0,1.0,1.0,0.0
420,b92ea560ae10562b,True,1.0,1.0,1.0,1.0,1.0,1.0,1.0,1.0,,1.0
421,fd9b227cec3d5c3f,True,1.0,1.0,1.0,0.0,1.0,1.0,1.0,1.0,0.0,0.0
422,56886aeb0f685bea,True,1.0,1.0,1.0,1.0,1.0,1.0,1.0,1.0,,1.0
423,93092fbeb57f5e9a,True,0.5,0.0,0.0,1.0,1.0,0.0,1.0,1.0,,0.0
424,35ceec8930305499,True,1.0,1.0,1.0,1.0,1.0,1.0,1.0,1.0,,1.0
425,206ccbdfb1e25bf2,True,1.0,0.0,0.5,1.0,0.8279122419970312,1.0,1.0,1.0,0.0,0.0
426,ee545028f8a85e6f,True,0.0,1.0,1.0,1.0,1.0,0.0,1.0,1.0,1.0,0.0
427,8e9f743d92c05d10,True,0.0,1.0,1.0,1.0,1.0,0.0,1.0,1.0,,0.0
428,317f5b44a4615e30,True,1.0,1.0,1.0,1.0,0.9000757891586896,1.0,1.0,1.0,0.0,0.8437736841120904
429,0472df00162f5fc5,True,0.0,1.0,1.0,1.0,1.0,0.0,1.0,1.0,1.0,0.0
430,0868436794795421,True,1.0,1.0,1.0,1.0,0.9498699554672544,1.0,1.0,1.0,,0.9820964126668766
431,ef90f66b5d465ebf,True,0.0,1.0,1.0,0.0,1.0,0.0,1.0,1.0,1.0,0.0
432,19d3dfdf0d2d5b6f,True,1.0,1.0,1.0,1.0,1.0,1.0,1.0,1.0,,1.0
433,cf7045e0db215eea,True,0.0,1.0,1.0,1.0,1.0,0.0,1.0,1.0,1.0,0.0
434,a6d4b1f4870852a4,True,1.0,1.0,1.0,1.0,1.0,1.0,1.0,1.0,,1.0
435,c6c94bd6691c5008,True,1.0,1.0,1.0,1.0,1.0,1.0,1.0,1.0,0.0,0.875
436,dfe53c7f74e5554c,True,0.0,1.0,1.0,1.0,1.0,0.0,1.0,1.0,1.0,0.0
437,33c848df67305ec1,True,0.5,0.0,0.0,1.0,1.0,0.0,0.0,0.0,0.0,0.0
438,58d75e229a0e52bc,True,1.0,1.0,1.0,1.0,1.0,1.0,1.0,1.0,1.0,1.0
439,d1065c7c84e054ae,True,1.0,1.0,1.0,1.0,1.0,1.0,1.0,1.0,,1.0
440,548b6b9700f25610,True,1.0,0.0,1.0,1.0,1.0,1.0,1.0,1.0,1.0,0.0
441,abf403b697c457ad,True,1.0,1.0,1.0,1.0,0.9662680823952468,1.0,1.0,1.0,0.0,0.8644587757485146
442,80d8679b8c215769,True,1.0,1.0,1.0,1.0,0.5574154744255777,1.0,1.0,1.0,1.0,0.8616923357579931
443,c5ee24aa8f5059d6,True,0.0,1.0,1.0,1.0,1.0,0.0,1.0,1.0,1.0,0.0
444,4e00bf86cd1e5a14,True,1.0,1.0,1.0,1.0,0.11068254012183965,1.0,1.0,1.0,1.0,0.7220882937880748
445,47e3bbbd82b2583b,True,1.0,0.0,1.0,1.0,1.0,1.0,1.0,1.0,,0.0
446,2c120899a8d05979,True,0.0,0.0,0.5,1.0,0.6046268073026231,0.0,1.0,1.0,1.0,0.0
447,7b263d7980f55503,True,1.0,1.0,1.0,1.0,1.0,1.0,1.0,1.0,1.0,1.0
448,63266bfd8e1f5f15,True,0.5,0.0,0.0,1.0,1.0,0.0,1.0,1.0,0.0,0.0
449,375d03a139615179,True,1.0,1.0,1.0,1.0,1.0,1.0,1.0,1.0,1.0,1.0
450,535e19c081ec5c28,True,1.0,1.0,1.0,1.0,1.0,1.0,1.0,1.0,0.0,0.875
451,371672ed85805daf,True,0.0,1.0,1.0,1.0,1.0,0.0,1.0,1.0,1.0,0.0
452,cc853dd8697f51b3,True,1.0,1.0,1.0,0.0,1.0,1.0,1.0,1.0,,0.0
453,0727a3cccad352d7,True,1.0,1.0,1.0,1.0,1.0,1.0,1.0,1.0,0.0,0.875
454,f34af4dbbbd35a23,True,0.0,1.0,1.0,0.0,1.0,0.0,1.0,1.0,1.0,0.0
455,065ec41ed01d59ca,True,0.0,1.0,1.0,1.0,1.0,0.0,1.0,1.0,1.0,0.0
456,1c7ccdd40a3f505a,True,1.0,1.0,1.0,1.0,0.9749379284157206,1.0,1.0,1.0,1.0,0.9921681026299127
457,b2cc98272c505ed6,True,1.0,1.0,1.0,1.0,1.0,1.0,1.0,1.0,1.0,1.0
458,db1794b15b1a54b4,True,1.0,1.0,1.0,1.0,0.9627133772474669,1.0,1.0,1.0,1.0,0.9883479303898334
459,fdfad1317cd75455,True,0.0,1.0,1.0,0.0,1.0,0.0,1.0,1.0,1.0,0.0
460,95bb1e65b61b5e04,True,0.0,1.0,1.0,1.0,1.0,0.0,1.0,1.0,,0.0
461,b133316a0e795993,True,1.0,1.0,1.0,1.0,1.0,1.0,1.0,1.0,,1.0
462,3f38262eb4d55376,True,1.0,1.0,1.0,1.0,1.0,1.0,1.0,1.0,0.0,0.875
463,e5abdd8b726e5a2f,True,1.0,1.0,1.0,1.0,1.0,1.0,1.0,1.0,1.0,1.0
464,3e77b33549485e34,True,0.0,1.0,1.0,0.0,1.0,0.0,1.0,1.0,0.0,0.0
465,8635c0dd984c51f3,True,1.0,1.0,1.0,1.0,1.0,1.0,1.0,1.0,1.0,1.0
466,4a557f1bfe3b5645,True,1.0,1.0,1.0,1.0,1.0,1.0,1.0,1.0,1.0,1.0
467,0eb2056214155957,True,0.0,1.0,1.0,1.0,1.0,0.0,1.0,1.0,1.0,0.0
468,a6b457a7eb6a5cde,True,1.0,1.0,1.0,1.0,0.8722174694979992,1.0,1.0,1.0,1.0,0.9600679592181247
469,d75b5c57a3c45583,True,1.0,1.0,1.0,1.0,1.0,1.0,1.0,1.0,1.0,1.0
470,bb73caa6692856bf,True,0.0,1.0,1.0,0.0,1.0,0.0,1.0,1.0,1.0,0.0
471,a9343b1abc5957ab,True,1.0,0.0,0.0,1.0,0.7549385179085507,1.0,1.0,1.0,0.0,0.0
472,3d2adf8b0bb65492,True,1.0,1.0,1.0,1.0,0.8850760003897875,1.0,1.0,1.0,1.0,0.9640862501218086
473,2c90fc5cc8905562,True,1.0,1.0,1.0,1.0,0.9503982794342228,1.0,1.0,1.0,1.0,0.9844994623231946
474,1a9a1f65b4cc5d1d,True,1.0,1.0,1.0,1.0,0.9927554693553544,1.0,1.0,1.0,1.0,0.9977360841735483
475,20fd202ba2e1572a,True,1.0,1.0,1.0,1.0,1.0,1.0,1.0,1.0,0.0,0.875
476,55a8886514eb5c1b,True,1.0,1.0,1.0,1.0,0.0576322283077678,1.0,1.0,1.0,1.0,0.7055100713461775
477,253c33ffe10a5aa7,True,0.0,0.0,0.5,0.0,0.5817293811062826,0.0,1.0,1.0,0.0,0.0
478,95448c5ace9e5a22,True,0.0,1.0,1.0,0.0,1.0,0.0,1.0,1.0,1.0,0.0
479,697882c22eb65ca7,True,0.5,0.0,0.0,1.0,0.7487946607845477,0.0,0.0,1.0,1.0,0.0
480,bd09fe587b1a59e3,True,1.0,1.0,1.0,1.0,1.0,1.0,1.0,1.0,1.0,1.0
481,945dafbf488554b7,True,1.0,1.0,1.0,1.0,0.942839418832599,1.0,1.0,1.0,1.0,0.9821373183851871
482,bbde51f27b4455c2,True,0.0,1.0,1.0,1.0,1.0,0.0,1.0,1.0,1.0,0.0
483,a28e921b642a5936,True,1.0,1.0,1.0,1.0,0.9000914009631806,1.0,1.0,1.0,1.0,0.968778562800994
484,7e647d942b9f57ed,True,1.0,1.0,1.0,1.0,1.0,1.0,1.0,1.0,1.0,1.0
485,646244aaa99d5c9c,True,1.0,0.0,0.5,1.0,1.0,1.0,1.0,1.0,0.0,0.0
486,11b9e3f204815f4a,True,1.0,0.0,0.0,1.0,0.7891073895203847,1.0,1.0,1.0,0.0,0.0
487,68188bae28595f7c,True,0.0,1.0,1.0,1.0,1.0,0.0,1.0,1.0,1.0,0.0
488,a4778444628f5c49,True,0.0,1.0,1.0,0.0,1.0,0.0,1.0,1.0,1.0,0.0
489,a0b67d1ac0c35d26,True,0.0,1.0,1.0,1.0,1.0,0.0,1.0,1.0,1.0,0.0
490,dc39ce9c251551bb,True,1.0,1.0,1.0,1.0,1.0,1.0,1.0,1.0,1.0,1.0
491,2ba3f7adca335912,True,1.0,0.0,0.0,1.0,0.7719976475888349,1.0,1.0,1.0,0.0,0.0
492,07fb7a73409e53cf,True,0.0,1.0,1.0,0.0,1.0,0.0,1.0,1.0,1.0,0.0
493,8898650e43665faf,True,1.0,1.0,1.0,1.0,0.04292250982815972,1.0,1.0,1.0,,0.6581866106529143
494,d57dda19866556c3,True,1.0,1.0,1.0,1.0,0.8757476630081297,1.0,1.0,0.0,1.0,0.8361711446900405
495,2d30620b507f5f7c,True,1.0,1.0,1.0,1.0,1.0,1.0,1.0,1.0,0.0,0.875
496,ff32fea658445802,True,1.0,1.0,1.0,1.0,0.9576627910604926,1.0,1.0,1.0,1.0,0.986769622206404
497,4064f2ec7a2f56ef,True,1.0,1.0,1.0,1.0,1.0,1.0,1.0,1.0,1.0,1.0
498,f8fd766eb013577f,True,1.0,0.0,0.5,1.0,0.8339536169503976,1.0,1.0,1.0,0.0,0.0
499,ccc2b2377fea5191,True,0.0,1.0,1.0,1.0,1.0,0.0,1.0,1.0,1.0,0.0
500,average_all_frames,True,0.628,0.796,0.937,0.93,0.9607055036679542,0.592,0.946,0.984,0.7799043062200957,0.4499170443087875
